iter	MultiClass
0	1.385129773
1	1.38288097122	1.38109932533	1.37771594944	1.37510963455	1.373950506
6	1.372199086
7	1.369338201
8	1.367602191
9	1.366595419
10	1.364464101
11	1.363005262
12	1.360887216
13	1.358819428
14	1.357119114
15	1.355259889
16	1.354321682
17	1.353427388
18	1.351610679
19	1.349879335
20	1.348864351
21	1.34777919
22	1.346198249
23	1.344681577
24	1.342711198
25	1.341773077
26	1.340699374
27	1.339585707
28	1.337989422
29	1.336425882
30	1.335232328
31	1.333161959
32	1.331027887
33	1.32952015
34	1.328247329
35	1.326251491
36	1.324068195
37	1.323175085
38	1.321119284
39	1.319751335
40	1.318153751
41	1.316390015
42	1.314503376
43	1.313523508
44	1.312455652
45	1.311232044
46	1.310134927
47	1.309223925
48	1.307831929
49	1.30604147
50	1.305308842
51	1.304147291
52	1.303703251
53	1.302404584
54	1.301548297
55	1.299493237
56	1.298325554
57	1.297072998
58	1.296139884
59	1.295219891
60	1.293807619
61	1.29262	1.2862	1.29063	1.2863	1.28964	1.281078783
65	1.279204182
66	1.278164281
67	1.276553713
68	1.275113263
69	1.273496256
70	1.272088927
71	1.271262741
72	1.270758879
73	1.269515806
74	1.268552825
75	1.267361348
76	1.266080208
77	1.26497421
78	1.264390711
79	1.26306521
80	1.262122407
81	1.261532263
82	1.260651017
83	1.259260082
84	1.257546286
85	1.256719826
86	1.255694965
87	1.254431502
88	1.253585342
89	1.252004484
90	1.25088344
91	1.249563082
92	1.248651581
93	1.247933286
94	1.246450764
95	1.245349947
96	1.244403845
97	1.242959249
98	1.241156654
99	1.240266942
100	1.238641904
101	1.237455664
102	1.235762718
103	1.234398477
104	1.233058309
105	1.231113714
106	1.230026872
107	1.229302505
108	1.228214676
109	1.227322695
110	1.226296311
111	1.224827153
112	1.22341845
113	1.222266127
114	1.221499865
115	1.220322021
116	1.219519408
117	1.21781341
118	1.217232869
119	1.215870587
120	1.214308453
121	1.213304664
122	1.212124514
123	1.211426361
124	1.21041067
125	1.20975103
126	1.208533261
127	1.207548403
128	1.206818716
129	1.205729161
130	1.204721823
131	1.204094788
132	1.203309337
133	1.202158361
134	1.200815246
135	1.199756465
136	1.198601228
137	1.197043737
138	1.195464921
139	1.194482684
140	1.193256498
141	1.192330008
142	1.191305019
143	1.190181754
144	1.189073224
145	1.188295268
146	1.187134092
147	1.186129435
148	1.185432689
149	1.183725171
150	1.182594635
151	1.181582696
152	1.180545391
153	1.179362272
154	1.177943124
155	1.176938842
156	1.175938323
157	1.175489408
158	1.174521059
159	1.173651918
160	1.172995313
161	1.171870933
162	1.171294446
163	1.169790756
164	1.168524506
165	1.168066894
166	1.167690074
167	1.167007214
168	1.166000612
169	1.16469251
170	1.163943967
171	1.163008206
172	1.16193789
173	1.161118028
174	1.160241633
175	1.159822782
176	1.158551976
177	1.15800122
178	1.156352452
179	1.155277277
180	1.154635669
181	1.153265777
182	1.151732695
183	1.150717644
184	1.149718622
185	1.148922075
186	1.147461923
187	1.145938297
188	1.144859021
189	1.144062313
190	1.143417276
191	1.142181083
192	1.141119788
193	1.139879807
194	1.138099716
195	1.136814698
196	1.135957338
197	1.135180975
198	1.134196782
199	1.133446164
200	1.132479451
201	1.131208501
202	1.130332185
203	1.129855205
204	1.129054818
205	1.128099707
206	1.127477298
207	1.12587639
208	1.125303514
209	1.124383082
210	1.123540298
211	1.122752545
212	1.122034243
213	1.121360953
214	1.120803776
215	1.119821286
216	1.118543187
217	1.117040977
218	1.115976285
219	1.115180133
220	1.114490788
221	1.113121722
222	1.111938604
223	1.110850998
224	1.109304267
225	1.108393425
226	1.107399007
227	1.106367462
228	1.105155315
229	1.104321437
230	1.102374055
231	1.100907046
232	1.100192042
233	1.099171178
234	1.098072506
235	1.097081647
236	1.096293506
237	1.095184598
238	1.094231901
239	1.092730036
240	1.091898314
241	1.090898416
242	1.090117592
243	1.089419465
244	1.088432622
245	1.086963935
246	1.086693455
247	1.085923219
248	1.084981008
249	1.083923103
250	1.082129198
251	1.081020725
252	1.080171864
253	1.079116886
254	1.077988138
255	1.077058471
256	1.076015553
257	1.074902078
258	1.073845901
259	1.073233765
260	1.072593782
261	1.071597902
262	1.070986593
263	1.070358461
264	1.068908921
265	1.067426974
266	1.066484935
267	1.065340181
268	1.064050178
269	1.063118571
270	1.062126486
271	1.061083041
272	1.060287229
273	1.059836883
274	1.058880664
275	1.057863632
276	1.056958272
277	1.056199772
278	1.054674546
279	1.054271905
280	1.053156546
281	1.052710918
282	1.052080809
283	1.050813874
284	1.049452596
285	1.047902484
286	1.046776735
287	1.046134293
288	1.045210394
289	1.04413816
290	1.043193982
291	1.04254729
292	1.041663192
293	1.041189647
294	1.040288684
295	1.039377835
296	1.038352665
297	1.036979136
298	1.035822201
299	1.03529171
