iter	Passed	Remaining
0	163	49030
1	182	27128
2	199	19747
3	218	16191
4	235	13880
5	251	12340
6	264	11091
7	281	1025788	295	954599	312	9068110	327	8601111	342	8227112	360	7962113	379	7753
14	393	7476
15	408	7242116	422	7040117	436	6841118	449	6654119	461	6462220	475	6313221	492	6226222	511	6160223	543	6254
24	565	6225
25	587	6194
26	605	6123
27	622	6045
28	637	5955
29	654	5890
30	673	5846
31	694	5814
32	712	5762
33	731	5720
34	748	5666
35	769	5643
36	786	5593
37	807	5567
38	828	5545
39	847	5508
40	866	5476
41	887	5453
42	909	5434
43	927	5395
44	945	5357
45	960	5306
46	980	5277
47	1000	5254448	1017	5210449	1032	5163550	1047	5114551	1064	507452	1084	5053
53	1103	5028
54	1124	5008
55	1145	4990
556	1188	506757	1227	5122
58	1255	5127
59	1280	5122
60	1302	5104
61	1327	5095
62	1344	5058
63	1362	5022
64	1379	4987
65	1396	4951
66	1411	4908
67	1427	4870
68	1445	4838
69	1460	4798
70	1476	4763
71	1492	4727
72	1508	4690
73	1518	4638
74	1535	4607
75	1548	4564
76	1558	4512
77	1570	4469
78	1585	4435
79	1607	4420
80	1627	4400
81	1645	4374
82	1662	4346
83	1676	4312
84	1693	4282
85	1708	4250
86	1727	4229
87	1743	4199
88	1757	4165
89	1771	4132
90	1780	4089
91	1796	4061
92	1811	4033
93	1825	4001
94	1841	3973
95	1857	3947
96	1873	3920
97	1887	3891
98	1903	3864
99	1919	3838
100	1930	3803
101	1944	3774
102	1959	3746
103	1974	3721
104	1988	3692
105	2005	3669
106	2019	3642
107	2032	3613
108	2045	3584
109	2061	3560
110	2074	3532
111	2088	3505
112	2102	3479
113	2114	3449
114	2129	3425
115	2143	3399
116	2157	3374
117	2173	3351
118	2185	3324
119	2199	3299
120	2214	3276
121	2227	3250
122	2238	3220
123	2253	3198
124	2270	3178
125	2281	3150
126	2293	3123
127	2307	3100
128	2320	3076
129	2332	3049
130	2345	3026
131	2357	3000
132	2371	2978
133	2387	2957
134	2402	2936
135	2417	2915
136	2430	2891
137	2444	2869
138	2454	2842
139	2467	2819
140	2481	2797
141	2492	2773
142	2503	2748
143	2518	2728
144	2534	2709
145	2547	2687
146	2562	2667
147	2574	2644
148	2590	2625
149	2606	2606
150	2620	2586
151	2637	2568
152	2656	2552
153	2670	2532
154	2689	2516
155	2706	2498
156	2724	2481
157	2740	2462
158	2758	2445
159	2775	2428
160	2792	2411
161	2817	2399
162	2836	2384
163	2858	2370
164	2879	2356
165	2898	2339
166	2913	2320
167	2929	2301
168	2951	2287
169	2969	2271
170	2987	2253
171	3000	2232
172	3017	2215
173	3033	2196
174	3049	2177
175	3065	2160
176	3080	2140
177	3099	2124
178	3118	2108
179	3135	2090
180	3154	2073
181	3182	2063
182	3199	2045
183	3216	2027
184	3235	2011
185	3254	1994
186	3273	1977
187	3288	1959
188	3305	1941
189	3323	1924
190	3339	1905
191	3362	1891
192	3380	1874
193	3398	1856
194	3414	1838
195	3427	1818
196	3444	1800
197	3461	1783
198	3477	1765
199	3492	1746
200	3508	1728
201	3523	1709
202	3540	1691
203	3552	1671
204	3565	1652
205	3576	1632
206	3587	1611
207	3601	1592
208	3616	1574
209	3629	1555
210	3643	1536
211	3659	1519
212	3674	1500
213	3686	1481
214	3697	1461
215	3707	1441
216	3718	1422
217	3731	1403
218	3743	1384
219	3753	1365
220	3768	1347
221	3780	1328
222	3793	1309
223	3810	1292
224	3825	1275
225	3836	1256
226	3849	1237
227	3863	1220
228	3873	1200
229	3886	1182
230	3896	1163
231	3908	1145
232	3922	1127
233	3937	1110
234	3951	1093
235	3965	1075
236	3975	1056
237	3990	1039
238	4002	1021
239	4014	1003
240	4027	985
241	4037	967
242	4053	950
243	4068	933
244	4086	917
245	4099	899
246	4112	882
247	4123	864
248	4138	847
249	4153	830
250	4167	813
251	4180	796
252	4189	778
253	4201	760
254	4216	744
255	4230	727
256	4242	709
257	4253	692
258	4267	675
259	4281	658
260	4293	641
261	4303	624
262	4315	607
263	4328	590
264	4342	573
265	4358	557
266	4371	540
267	4384	523
268	4396	506
269	4407	489
270	4417	472
271	4432	456
272	4447	439
273	4461	423
274	4480	407
275	4492	390
276	4504	374
277	4520	357
278	4531	341
279	4548	324
280	4562	308
281	4580	292
282	4595	276
283	4606	259
284	4620	243
285	4631	226
286	4648	210
287	4664	194
288	4679	178
289	4693	161
290	4710	145
291	4725	129
292	4750	113
293	4764	97
294	4778	80
295	4792	64
296	4803	48
297	4813	32
298	4822	16
299	4833	0
