Model,Accuracy,Precision_Macro,Recall_Macro,F1_Macro,F1_Weighted
Bagging,0.9081796311146753,0.9089488054160989,0.9075801680912172,0.908159888782856,0.9082018296346644
Extra Trees,0.9081796311146753,0.9089932605683243,0.9075114854430915,0.908141225511038,0.9082104370671563
Random Forest,0.9069767441860465,0.9081753906510392,0.9064204257562527,0.907139746859498,0.9070419134067269
LightGBM,0.859663191659984,0.861773010502859,0.8589835782142946,0.859729581504602,0.8596657305174316
Decision Tree,0.8568564554931837,0.856168483182159,0.8567341675495581,0.8564169925640792,0.8568638414444587
XGBoost,0.8271852445870088,0.8286488758346399,0.8259212195365063,0.8265817847923722,0.8268977013135992
HistGradientBoosting,0.8235765838011226,0.825582736847664,0.8222497329278269,0.8234597443138052,0.8235885237921984
MLP Neural Network,0.6343223736968725,0.6331934069148656,0.6331007798352003,0.6328824785937153,0.6342622480406618
CatBoost,0.5958299919807538,0.5975041556514642,0.5904508859821004,0.5900813975982274,0.592612159268956
KNN,0.49518845228548514,0.5012003947093158,0.49055952034113487,0.49047727601870295,0.4922123198157927
Gradient Boosting,0.49839615076182836,0.5011866419669782,0.4921371027063904,0.49018236241655233,0.4931458675802788
SVM RBF,0.3692862870890136,0.3669228167657608,0.3631599839444672,0.3589826829925328,0.3624166569217606
SVM Polynomial,0.35485164394546914,0.35680260299500177,0.347325286648049,0.34044463972604583,0.3442783791344983
Quadratic Discriminant Analysis,0.30072173215717724,0.29433277554585235,0.2957551785705597,0.29283612445887025,0.29620947463759345
Logistic Regression,0.28909382518043303,0.2852799708374798,0.2815893504798622,0.2724601760867583,0.2762844411104734
Linear Discriminant Analysis,0.28708901363271855,0.28303359285292096,0.2795524802453361,0.27047004943332614,0.2743085518902183
Linear SVM,0.2858861267040898,0.2808670354034369,0.2778492870216859,0.26703516957464846,0.27114467954329075
Ridge Classifier,0.2858861267040898,0.2808670354034369,0.2778492870216859,0.26703516957464846,0.27114467954329075
Gaussian Naive Bayes,0.2598235765838011,0.25840929398498197,0.25908206090295594,0.2574316113895874,0.258305138294575
AdaBoost,0.2955092221331195,0.2705567407859859,0.28043431900984755,0.23095865439575824,0.2396792702318015
