Model,Accuracy_Mean,Accuracy_STD,F1_Macro_Mean,F1_Macro_STD,F1_Weighted_Mean,F1_Weighted_STD,Precision_Macro_Mean,Recall_Macro_Mean,Accuracy,Precision_Macro,Recall_Macro,F1_Macro,Precision_Weighted,Recall_Weighted,F1_Weighted
12 Bagging,0.8624561403508771,0.006102949876781735,0.8623359854081085,0.006240993643802766,0.8624163608693387,0.006107404394171853,0.8634955715896453,0.8617253356017439,0.8631578947368421,0.8649065339386739,0.8616760523676218,0.862734448357405,0.8639411069855552,0.8631578947368421,0.8630071768415792
08 Extra Trees,0.861954887218045,0.007212473483149844,0.8618978175617265,0.007246760808961208,0.8619181583344359,0.007199779275349456,0.862740815560002,0.8615288261975957,0.8706766917293233,0.8716192879671156,0.8697186978305977,0.8703717656976597,0.871104862976685,0.8706766917293233,0.8706027054020642
07 Random Forest,0.8618546365914787,0.00574673108690386,0.8616144648421035,0.005698468610365215,0.8618206115407441,0.005742266073455959,0.8621334614739956,0.8613369089066882,0.8596491228070176,0.8604180062187375,0.8588948671977085,0.8593632202388044,0.8601127838773931,0.8596491228070176,0.8596018718923788
06 Decision Tree,0.8138345864661654,0.01434880322427214,0.8135530212077361,0.01451473447595457,0.8138796362335995,0.014342583015186962,0.8134266000215049,0.8138947744561872,0.8305764411027569,0.8321300533552745,0.8292461459522519,0.8302426422599734,0.8313872701291656,0.8305764411027569,0.830542796681911
10 HistGradientBoosting,0.8092230576441104,0.006192860235180169,0.8089726118486931,0.0057796718630652505,0.809164041078468,0.006131799526972853,0.8107830284412445,0.8080704847584714,0.8220551378446115,0.823731860129359,0.8205869948941873,0.8215861940643905,0.8228636599686083,0.8220551378446115,0.8219002321655935
18 LightGBM,0.8031077694235588,0.008861837846860962,0.8028631321778537,0.008812081579516507,0.8030351208146801,0.0088348721145157,0.8048626353060037,0.8018680120238318,0.8025062656641604,0.8050089087038773,0.8008458670685934,0.8021559928454834,0.8036726317536296,0.8025062656641604,0.8023315509554563
20 XGBoost,0.779749373433584,0.009972796082563126,0.7794449010588231,0.009621636755779497,0.7796589786186863,0.009859525017684731,0.7821967257313659,0.7782086531352432,0.7854636591478696,0.7871999440666276,0.7834203416191462,0.7845972599996613,0.7864580710725005,0.7854636591478696,0.7852628503037024
19 CatBoost,0.5684210526315789,0.0174361174244873,0.5648187224782866,0.016242746292822095,0.5663750811218576,0.016571707594079277,0.5763970737615924,0.5636494727927599,0.556390977443609,0.5594920960598572,0.5518908155758129,0.5524291272982015,0.5587301518775114,0.556390977443609,0.5543348320569561
17 MLP Neural Network,0.5025563909774436,0.024380902915132507,0.5001112599873998,0.024608433486139787,0.501653141093868,0.024475253455376374,0.5020572584914056,0.5001637938884139,0.4330827067669173,0.4310589972334565,0.43035080997430963,0.4302642037156851,0.43220627029415304,0.4330827067669173,0.4322096951112679
09 Gradient Boosting,0.4905263157894737,0.010869683142600338,0.4851079511565436,0.010199679170286012,0.48725988548765375,0.010152278782413144,0.49574177690218013,0.485347235230564,0.48721804511278194,0.4877623568213655,0.4823618134339938,0.48197112046527524,0.4876812441302627,0.48721804511278194,0.48437199547621707
13 KNN,0.44942355889724306,0.007929311251442684,0.44242201812659754,0.008627204979418074,0.4448629865605116,0.008331647445092027,0.4522813131398144,0.4442175669000088,0.4556390977443609,0.45954633242892884,0.4506200875737997,0.44974292427578666,0.4590517471267141,0.4556390977443609,0.45189102743581316
04 SVM RBF,0.33223057644110277,0.009266542362539423,0.3320338237635901,0.009080452799363927,0.3321941999783998,0.009183450222551076,0.333481351027109,0.33313076705039685,0.3238095238095238,0.3246572616739085,0.32449909783273334,0.3238534648184974,0.32560759099931763,0.3238095238095238,0.3239662229636071
05 SVM Polynomial,0.32290726817042603,0.0131721846260907,0.3217777162192939,0.012980839808355692,0.32204990491335206,0.01340139498148056,0.32419966195471406,0.3230449483492837,0.3238095238095238,0.3234061099104273,0.3246525457426443,0.32167431983547123,0.3237447526877584,0.3238095238095238,0.3212792520202241
16 Quadratic Discriminant Analysis,0.2888220551378446,0.007390042102849969,0.28374714112379446,0.0065789175937415465,0.2859334341262279,0.006864371664448181,0.28687784584634335,0.2851096548836075,0.2982456140350877,0.2969646039799454,0.29452272558127285,0.29300974756774884,0.2975313839011315,0.2982456140350877,0.29518529824967193
01 Logistic Regression,0.2723809523809524,0.0066089422451526955,0.2710786652899785,0.006502861339725425,0.27003007287149067,0.006186086506128775,0.27379637288804115,0.27523316929623565,0.27268170426065164,0.2748036947257899,0.27541970993680326,0.27206352623750674,0.2751693803712864,0.27268170426065164,0.2709352374302081
03 Linear SVM,0.2721804511278195,0.009441671922182326,0.27092731282243426,0.009597225067367342,0.2712083820562846,0.009218500151317558,0.271690448962552,0.2723218014362729,0.26265664160401003,0.2628765667675723,0.2624262659369145,0.261245535699428,0.2634142111205623,0.26265664160401003,0.26167155646200563
14 Gaussian Naive Bayes,0.27438596491228073,0.01370393430151924,0.2707410266926001,0.01286496888594828,0.2721184699992908,0.012929456821886006,0.27310707240537296,0.2725731088046818,0.27669172932330827,0.2754622021945876,0.2743837599517037,0.2709745723111051,0.2764067597755242,0.27669172932330827,0.2727120634529604
02 Ridge Classifier,0.27167919799498746,0.00644261414057529,0.27021403048323855,0.006349698534442413,0.2690747141102226,0.006075996122789191,0.27323282278786876,0.2747252454764345,0.2731829573934837,0.2759147095330764,0.2761973440084391,0.2724176764863496,0.2763047816619018,0.2731829573934837,0.2711687408124789
15 Linear Discriminant Analysis,0.2745864661654135,0.012177047081503498,0.2574581287140775,0.009377206579946392,0.2614392374412951,0.009668306975621559,0.2699950375986905,0.266949141995201,0.2681704260651629,0.26574731278129754,0.2610940849678744,0.25149274725274645,0.26584774563522906,0.2681704260651629,0.25500332670088355
11 AdaBoost,0.27468671679198,0.002853182851279743,0.12351859250612411,0.02832110770113602,0.13377196277885128,0.029131393736661827,0.10403713284329172,0.2528205089893262,0.27268170426065164,0.06817042606516291,0.25,0.10712879086254432,0.07435531183849349,0.27268170426065164,0.11684824507112603
