Feature,Importance
num__AssignmentCompletion,0.07425907774801081
num__Academic_Engagement,0.0740487723077117
num__Assignment_Attendance_Index,0.07395795622294156
num__Age,0.07347643333700112
num__OnlineCourses,0.07268561519444713
num__Attendance,0.0705019726725402
num__Attendance_Normalized,0.06982721218511369
num__Study_Assignment_Index,0.06831658017199344
num__Study_Attendance_Index,0.0664922252827434
num__Online_Learning_Activity,0.0621767962481228
num__StudyHours,0.06198278248902179
num__StudyHours_Normalized,0.06106042118517957
num__Digital_Learning_Index,0.029794838021089298
num__Participation_Rate,0.019491771158730103
num__Motivation_Study_Index,0.019018222271376162
cat__StressLevel_2,0.01365077427478621
cat__LearningStyle_3,0.013448412240119462
cat__StressLevel_1,0.013206427930910257
cat__LearningStyle_0,0.011826308328411743
cat__LearningStyle_2,0.010813406218698134
cat__LearningStyle_1,0.010088960109605869
cat__StressLevel_0,0.007902130347061042
cat__Motivation_1,0.007827428381760555
cat__Motivation_0,0.0072048079069129715
cat__Motivation_2,0.0069406677657109835
