Feature,Importance,Std
LearningStyle,0.3519906592825963,0.012621472121783238
StressLevel,0.26662241656754515,0.005270818842489725
Age,0.022545428677073563,0.0032884493463712604
Attendance_Normalized,0.009189046623892139,0.0016764113844963857
OnlineCourses,0.008884644974601907,0.002370564700537274
Online_Learning_Activity,0.005839254248635373,0.0019243465883359144
Attendance,0.005512371375521963,0.0024665765635563676
AssignmentCompletion,0.003801887904881662,0.0019086314560349453
Assignment_Attendance_Index,0.002981645948557299,0.0012410796169075727
Academic_Engagement,0.002254133112788015,0.0018793182459393909
Participation_Rate,0.0018496355026987321,0.0005805758427045186
Study_Assignment_Index,0.0016852759656203254,0.0011089839977973274
Digital_Learning_Index,-0.0004610096067943936,0.0015099520726927647
Motivation,-0.0005850946365219212,0.000919157995049566
StudyHours_Normalized,-0.0006627704008215441,0.0014265503845131216
Study_Attendance_Index,-0.0006862366261824682,0.0019942854129508026
StudyHours,-0.001036044494114563,0.0015599919024026283
Motivation_Study_Index,-0.0027767205926925833,0.0007799150038929481
