Feature,Importance_Mean,Importance_STD
Study_Assignment_Index,0.05844865138656522,0.0048181444573247275
Academic_Engagement,0.04644118087457735,0.003981708895434723
Assignment_Attendance_Index,0.03822887539986182,0.0034815430210967755
Age,0.026072130958362895,0.002341538525214046
Study_Attendance_Index,0.019153258335955003,0.0029206113810198073
OnlineCourses,0.010611293739918193,0.0021361903866845095
Attendance,0.009640827528065509,0.0019845933478845976
Attendance_Normalized,0.009316627877377614,0.0014786231087931636
AssignmentCompletion,0.008385737329848809,0.0017198177193450475
LearningStyle,0.0075156678094146275,0.0022361074725229346
StressLevel,0.0067677552238921464,0.001286007450262459
StudyHours_Normalized,0.005400354637752025,0.00115605354463751
StudyHours,0.004583869645476057,0.0007588692227315069
Digital_Learning_Index,0.0032549719082708983,0.0012551837974266573
Online_Learning_Activity,0.0029460559287545875,0.0014198039728965351
Motivation_Study_Index,0.0021351977965763935,0.0011123874304304845
Participation_Rate,0.0021132558036251357,0.0008992764721597247
Motivation,0.0006055811025328817,0.0007211284951565336
